id,dbFile,gloveFile,vocabSize,captureFraction,convolutionFilters,convolutionKernel,convolutionActivation,poolSize,flattenLayer,denseUnits,denseActivation,dropoutFraction,outputActivation,lossFunction
1599,./data/articles_zenodo.db,./data/glove.6B.50d.txt,25000,0.25,10,5,relu,5,True,50,relu,0.75,softmax,categorical_crossentropy
1600,./data/articles_zenodo.db,./data/glove.6B.50d.txt,25000,0.25,10,5,relu,10,True,10,relu,0.0,softmax,categorical_crossentropy
1601,./data/articles_zenodo.db,./data/glove.6B.50d.txt,25000,0.25,10,5,relu,10,True,10,relu,0.25,softmax,categorical_crossentropy
1602,./data/articles_zenodo.db,./data/glove.6B.50d.txt,25000,0.25,10,5,relu,10,True,10,relu,0.5,softmax,categorical_crossentropy
1603,./data/articles_zenodo.db,./data/glove.6B.50d.txt,25000,0.25,10,5,relu,10,True,10,relu,0.75,softmax,categorical_crossentropy
1604,./data/articles_zenodo.db,./data/glove.6B.50d.txt,25000,0.25,10,5,relu,10,True,50,relu,0.0,softmax,categorical_crossentropy
1605,./data/articles_zenodo.db,./data/glove.6B.50d.txt,25000,0.25,10,5,relu,10,True,50,relu,0.25,softmax,categorical_crossentropy
1606,./data/articles_zenodo.db,./data/glove.6B.50d.txt,25000,0.25,10,5,relu,10,True,50,relu,0.5,softmax,categorical_crossentropy
1607,./data/articles_zenodo.db,./data/glove.6B.50d.txt,25000,0.25,10,5,relu,10,True,50,relu,0.75,softmax,categorical_crossentropy
1608,./data/articles_zenodo.db,./data/glove.6B.50d.txt,25000,0.25,10,15,relu,2,True,10,relu,0.0,softmax,categorical_crossentropy
1609,./data/articles_zenodo.db,./data/glove.6B.50d.txt,25000,0.25,10,15,relu,2,True,10,relu,0.25,softmax,categorical_crossentropy
1610,./data/articles_zenodo.db,./data/glove.6B.50d.txt,25000,0.25,10,15,relu,2,True,10,relu,0.5,softmax,categorical_crossentropy
1611,./data/articles_zenodo.db,./data/glove.6B.50d.txt,25000,0.25,10,15,relu,2,True,10,relu,0.75,softmax,categorical_crossentropy
1612,./data/articles_zenodo.db,./data/glove.6B.50d.txt,25000,0.25,10,15,relu,2,True,50,relu,0.0,softmax,categorical_crossentropy
1613,./data/articles_zenodo.db,./data/glove.6B.50d.txt,25000,0.25,10,15,relu,2,True,50,relu,0.25,softmax,categorical_crossentropy
1614,./data/articles_zenodo.db,./data/glove.6B.50d.txt,25000,0.25,10,15,relu,2,True,50,relu,0.5,softmax,categorical_crossentropy
1615,./data/articles_zenodo.db,./data/glove.6B.50d.txt,25000,0.25,10,15,relu,2,True,50,relu,0.75,softmax,categorical_crossentropy
1616,./data/articles_zenodo.db,./data/glove.6B.50d.txt,25000,0.25,10,15,relu,5,True,10,relu,0.0,softmax,categorical_crossentropy
1617,./data/articles_zenodo.db,./data/glove.6B.50d.txt,25000,0.25,10,15,relu,5,True,10,relu,0.25,softmax,categorical_crossentropy
1618,./data/articles_zenodo.db,./data/glove.6B.50d.txt,25000,0.25,10,15,relu,5,True,10,relu,0.5,softmax,categorical_crossentropy
1619,./data/articles_zenodo.db,./data/glove.6B.50d.txt,25000,0.25,10,15,relu,5,True,10,relu,0.75,softmax,categorical_crossentropy
1620,./data/articles_zenodo.db,./data/glove.6B.50d.txt,25000,0.25,10,15,relu,5,True,50,relu,0.0,softmax,categorical_crossentropy
1621,./data/articles_zenodo.db,./data/glove.6B.50d.txt,25000,0.25,10,15,relu,5,True,50,relu,0.25,softmax,categorical_crossentropy
1622,./data/articles_zenodo.db,./data/glove.6B.50d.txt,25000,0.25,10,15,relu,5,True,50,relu,0.5,softmax,categorical_crossentropy
1623,./data/articles_zenodo.db,./data/glove.6B.50d.txt,25000,0.25,10,15,relu,5,True,50,relu,0.75,softmax,categorical_crossentropy
1624,./data/articles_zenodo.db,./data/glove.6B.50d.txt,25000,0.25,10,15,relu,10,True,10,relu,0.0,softmax,categorical_crossentropy
1625,./data/articles_zenodo.db,./data/glove.6B.50d.txt,25000,0.25,10,15,relu,10,True,10,relu,0.25,softmax,categorical_crossentropy
1626,./data/articles_zenodo.db,./data/glove.6B.50d.txt,25000,0.25,10,15,relu,10,True,10,relu,0.5,softmax,categorical_crossentropy
1627,./data/articles_zenodo.db,./data/glove.6B.50d.txt,25000,0.25,10,15,relu,10,True,10,relu,0.75,softmax,categorical_crossentropy
1628,./data/articles_zenodo.db,./data/glove.6B.50d.txt,25000,0.25,10,15,relu,10,True,50,relu,0.0,softmax,categorical_crossentropy
1629,./data/articles_zenodo.db,./data/glove.6B.50d.txt,25000,0.25,10,15,relu,10,True,50,relu,0.25,softmax,categorical_crossentropy
1630,./data/articles_zenodo.db,./data/glove.6B.50d.txt,25000,0.25,10,15,relu,10,True,50,relu,0.5,softmax,categorical_crossentropy
1631,./data/articles_zenodo.db,./data/glove.6B.50d.txt,25000,0.25,10,15,relu,10,True,50,relu,0.75,softmax,categorical_crossentropy
1632,./data/articles_zenodo.db,./data/glove.6B.50d.txt,25000,0.25,25,5,relu,2,True,10,relu,0.0,softmax,categorical_crossentropy
1633,./data/articles_zenodo.db,./data/glove.6B.50d.txt,25000,0.25,25,5,relu,2,True,10,relu,0.25,softmax,categorical_crossentropy
1634,./data/articles_zenodo.db,./data/glove.6B.50d.txt,25000,0.25,25,5,relu,2,True,10,relu,0.5,softmax,categorical_crossentropy
1635,./data/articles_zenodo.db,./data/glove.6B.50d.txt,25000,0.25,25,5,relu,2,True,10,relu,0.75,softmax,categorical_crossentropy
1636,./data/articles_zenodo.db,./data/glove.6B.50d.txt,25000,0.25,25,5,relu,2,True,50,relu,0.0,softmax,categorical_crossentropy
1637,./data/articles_zenodo.db,./data/glove.6B.50d.txt,25000,0.25,25,5,relu,2,True,50,relu,0.25,softmax,categorical_crossentropy
1638,./data/articles_zenodo.db,./data/glove.6B.50d.txt,25000,0.25,25,5,relu,2,True,50,relu,0.5,softmax,categorical_crossentropy
1639,./data/articles_zenodo.db,./data/glove.6B.50d.txt,25000,0.25,25,5,relu,2,True,50,relu,0.75,softmax,categorical_crossentropy
1640,./data/articles_zenodo.db,./data/glove.6B.50d.txt,25000,0.25,25,5,relu,5,True,10,relu,0.0,softmax,categorical_crossentropy
1641,./data/articles_zenodo.db,./data/glove.6B.50d.txt,25000,0.25,25,5,relu,5,True,10,relu,0.25,softmax,categorical_crossentropy
1642,./data/articles_zenodo.db,./data/glove.6B.50d.txt,25000,0.25,25,5,relu,5,True,10,relu,0.5,softmax,categorical_crossentropy
1643,./data/articles_zenodo.db,./data/glove.6B.50d.txt,25000,0.25,25,5,relu,5,True,10,relu,0.75,softmax,categorical_crossentropy
1644,./data/articles_zenodo.db,./data/glove.6B.50d.txt,25000,0.25,25,5,relu,5,True,50,relu,0.0,softmax,categorical_crossentropy
1645,./data/articles_zenodo.db,./data/glove.6B.50d.txt,25000,0.25,25,5,relu,5,True,50,relu,0.25,softmax,categorical_crossentropy
1646,./data/articles_zenodo.db,./data/glove.6B.50d.txt,25000,0.25,25,5,relu,5,True,50,relu,0.5,softmax,categorical_crossentropy
1647,./data/articles_zenodo.db,./data/glove.6B.50d.txt,25000,0.25,25,5,relu,5,True,50,relu,0.75,softmax,categorical_crossentropy
1648,./data/articles_zenodo.db,./data/glove.6B.50d.txt,25000,0.25,25,5,relu,10,True,10,relu,0.0,softmax,categorical_crossentropy
1649,./data/articles_zenodo.db,./data/glove.6B.50d.txt,25000,0.25,25,5,relu,10,True,10,relu,0.25,softmax,categorical_crossentropy
1650,./data/articles_zenodo.db,./data/glove.6B.50d.txt,25000,0.25,25,5,relu,10,True,10,relu,0.5,softmax,categorical_crossentropy
1651,./data/articles_zenodo.db,./data/glove.6B.50d.txt,25000,0.25,25,5,relu,10,True,10,relu,0.75,softmax,categorical_crossentropy
1652,./data/articles_zenodo.db,./data/glove.6B.50d.txt,25000,0.25,25,5,relu,10,True,50,relu,0.0,softmax,categorical_crossentropy
1653,./data/articles_zenodo.db,./data/glove.6B.50d.txt,25000,0.25,25,5,relu,10,True,50,relu,0.25,softmax,categorical_crossentropy
1654,./data/articles_zenodo.db,./data/glove.6B.50d.txt,25000,0.25,25,5,relu,10,True,50,relu,0.5,softmax,categorical_crossentropy
1655,./data/articles_zenodo.db,./data/glove.6B.50d.txt,25000,0.25,25,5,relu,10,True,50,relu,0.75,softmax,categorical_crossentropy
1656,./data/articles_zenodo.db,./data/glove.6B.50d.txt,25000,0.25,25,15,relu,2,True,10,relu,0.0,softmax,categorical_crossentropy
1657,./data/articles_zenodo.db,./data/glove.6B.50d.txt,25000,0.25,25,15,relu,2,True,10,relu,0.25,softmax,categorical_crossentropy
1658,./data/articles_zenodo.db,./data/glove.6B.50d.txt,25000,0.25,25,15,relu,2,True,10,relu,0.5,softmax,categorical_crossentropy
1659,./data/articles_zenodo.db,./data/glove.6B.50d.txt,25000,0.25,25,15,relu,2,True,10,relu,0.75,softmax,categorical_crossentropy
1660,./data/articles_zenodo.db,./data/glove.6B.50d.txt,25000,0.25,25,15,relu,2,True,50,relu,0.0,softmax,categorical_crossentropy
1661,./data/articles_zenodo.db,./data/glove.6B.50d.txt,25000,0.25,25,15,relu,2,True,50,relu,0.25,softmax,categorical_crossentropy
1662,./data/articles_zenodo.db,./data/glove.6B.50d.txt,25000,0.25,25,15,relu,2,True,50,relu,0.5,softmax,categorical_crossentropy
1663,./data/articles_zenodo.db,./data/glove.6B.50d.txt,25000,0.25,25,15,relu,2,True,50,relu,0.75,softmax,categorical_crossentropy
1664,./data/articles_zenodo.db,./data/glove.6B.50d.txt,25000,0.25,25,15,relu,5,True,10,relu,0.0,softmax,categorical_crossentropy
1665,./data/articles_zenodo.db,./data/glove.6B.50d.txt,25000,0.25,25,15,relu,5,True,10,relu,0.25,softmax,categorical_crossentropy
1666,./data/articles_zenodo.db,./data/glove.6B.50d.txt,25000,0.25,25,15,relu,5,True,10,relu,0.5,softmax,categorical_crossentropy
1667,./data/articles_zenodo.db,./data/glove.6B.50d.txt,25000,0.25,25,15,relu,5,True,10,relu,0.75,softmax,categorical_crossentropy
1668,./data/articles_zenodo.db,./data/glove.6B.50d.txt,25000,0.25,25,15,relu,5,True,50,relu,0.0,softmax,categorical_crossentropy
1669,./data/articles_zenodo.db,./data/glove.6B.50d.txt,25000,0.25,25,15,relu,5,True,50,relu,0.25,softmax,categorical_crossentropy
1670,./data/articles_zenodo.db,./data/glove.6B.50d.txt,25000,0.25,25,15,relu,5,True,50,relu,0.5,softmax,categorical_crossentropy
1671,./data/articles_zenodo.db,./data/glove.6B.50d.txt,25000,0.25,25,15,relu,5,True,50,relu,0.75,softmax,categorical_crossentropy
1672,./data/articles_zenodo.db,./data/glove.6B.50d.txt,25000,0.25,25,15,relu,10,True,10,relu,0.0,softmax,categorical_crossentropy
1673,./data/articles_zenodo.db,./data/glove.6B.50d.txt,25000,0.25,25,15,relu,10,True,10,relu,0.25,softmax,categorical_crossentropy
1674,./data/articles_zenodo.db,./data/glove.6B.50d.txt,25000,0.25,25,15,relu,10,True,10,relu,0.5,softmax,categorical_crossentropy
1675,./data/articles_zenodo.db,./data/glove.6B.50d.txt,25000,0.25,25,15,relu,10,True,10,relu,0.75,softmax,categorical_crossentropy
1676,./data/articles_zenodo.db,./data/glove.6B.50d.txt,25000,0.25,25,15,relu,10,True,50,relu,0.0,softmax,categorical_crossentropy
1677,./data/articles_zenodo.db,./data/glove.6B.50d.txt,25000,0.25,25,15,relu,10,True,50,relu,0.25,softmax,categorical_crossentropy
1678,./data/articles_zenodo.db,./data/glove.6B.50d.txt,25000,0.25,25,15,relu,10,True,50,relu,0.5,softmax,categorical_crossentropy
1679,./data/articles_zenodo.db,./data/glove.6B.50d.txt,25000,0.25,25,15,relu,10,True,50,relu,0.75,softmax,categorical_crossentropy
1680,./data/articles_zenodo.db,./data/glove.6B.50d.txt,25000,0.25,50,5,relu,2,True,10,relu,0.0,softmax,categorical_crossentropy
1681,./data/articles_zenodo.db,./data/glove.6B.50d.txt,25000,0.25,50,5,relu,2,True,10,relu,0.25,softmax,categorical_crossentropy
1682,./data/articles_zenodo.db,./data/glove.6B.50d.txt,25000,0.25,50,5,relu,2,True,10,relu,0.5,softmax,categorical_crossentropy
1683,./data/articles_zenodo.db,./data/glove.6B.50d.txt,25000,0.25,50,5,relu,2,True,10,relu,0.75,softmax,categorical_crossentropy
1684,./data/articles_zenodo.db,./data/glove.6B.50d.txt,25000,0.25,50,5,relu,2,True,50,relu,0.0,softmax,categorical_crossentropy
1685,./data/articles_zenodo.db,./data/glove.6B.50d.txt,25000,0.25,50,5,relu,2,True,50,relu,0.25,softmax,categorical_crossentropy
1686,./data/articles_zenodo.db,./data/glove.6B.50d.txt,25000,0.25,50,5,relu,2,True,50,relu,0.5,softmax,categorical_crossentropy
1687,./data/articles_zenodo.db,./data/glove.6B.50d.txt,25000,0.25,50,5,relu,2,True,50,relu,0.75,softmax,categorical_crossentropy
1688,./data/articles_zenodo.db,./data/glove.6B.50d.txt,25000,0.25,50,5,relu,5,True,10,relu,0.0,softmax,categorical_crossentropy
1689,./data/articles_zenodo.db,./data/glove.6B.50d.txt,25000,0.25,50,5,relu,5,True,10,relu,0.25,softmax,categorical_crossentropy
1690,./data/articles_zenodo.db,./data/glove.6B.50d.txt,25000,0.25,50,5,relu,5,True,10,relu,0.5,softmax,categorical_crossentropy
1691,./data/articles_zenodo.db,./data/glove.6B.50d.txt,25000,0.25,50,5,relu,5,True,10,relu,0.75,softmax,categorical_crossentropy
1692,./data/articles_zenodo.db,./data/glove.6B.50d.txt,25000,0.25,50,5,relu,5,True,50,relu,0.0,softmax,categorical_crossentropy
1693,./data/articles_zenodo.db,./data/glove.6B.50d.txt,25000,0.25,50,5,relu,5,True,50,relu,0.25,softmax,categorical_crossentropy
1694,./data/articles_zenodo.db,./data/glove.6B.50d.txt,25000,0.25,50,5,relu,5,True,50,relu,0.5,softmax,categorical_crossentropy
1695,./data/articles_zenodo.db,./data/glove.6B.50d.txt,25000,0.25,50,5,relu,5,True,50,relu,0.75,softmax,categorical_crossentropy
1696,./data/articles_zenodo.db,./data/glove.6B.50d.txt,25000,0.25,50,5,relu,10,True,10,relu,0.0,softmax,categorical_crossentropy
1697,./data/articles_zenodo.db,./data/glove.6B.50d.txt,25000,0.25,50,5,relu,10,True,10,relu,0.25,softmax,categorical_crossentropy
1698,./data/articles_zenodo.db,./data/glove.6B.50d.txt,25000,0.25,50,5,relu,10,True,10,relu,0.5,softmax,categorical_crossentropy
1699,./data/articles_zenodo.db,./data/glove.6B.50d.txt,25000,0.25,50,5,relu,10,True,10,relu,0.75,softmax,categorical_crossentropy
1700,./data/articles_zenodo.db,./data/glove.6B.50d.txt,25000,0.25,50,5,relu,10,True,50,relu,0.0,softmax,categorical_crossentropy
1701,./data/articles_zenodo.db,./data/glove.6B.50d.txt,25000,0.25,50,5,relu,10,True,50,relu,0.25,softmax,categorical_crossentropy
1702,./data/articles_zenodo.db,./data/glove.6B.50d.txt,25000,0.25,50,5,relu,10,True,50,relu,0.5,softmax,categorical_crossentropy
1703,./data/articles_zenodo.db,./data/glove.6B.50d.txt,25000,0.25,50,5,relu,10,True,50,relu,0.75,softmax,categorical_crossentropy
1704,./data/articles_zenodo.db,./data/glove.6B.50d.txt,25000,0.25,50,15,relu,2,True,10,relu,0.0,softmax,categorical_crossentropy
1705,./data/articles_zenodo.db,./data/glove.6B.50d.txt,25000,0.25,50,15,relu,2,True,10,relu,0.25,softmax,categorical_crossentropy
1706,./data/articles_zenodo.db,./data/glove.6B.50d.txt,25000,0.25,50,15,relu,2,True,10,relu,0.5,softmax,categorical_crossentropy
1707,./data/articles_zenodo.db,./data/glove.6B.50d.txt,25000,0.25,50,15,relu,2,True,10,relu,0.75,softmax,categorical_crossentropy
1708,./data/articles_zenodo.db,./data/glove.6B.50d.txt,25000,0.25,50,15,relu,2,True,50,relu,0.0,softmax,categorical_crossentropy
1709,./data/articles_zenodo.db,./data/glove.6B.50d.txt,25000,0.25,50,15,relu,2,True,50,relu,0.25,softmax,categorical_crossentropy
1710,./data/articles_zenodo.db,./data/glove.6B.50d.txt,25000,0.25,50,15,relu,2,True,50,relu,0.5,softmax,categorical_crossentropy
1711,./data/articles_zenodo.db,./data/glove.6B.50d.txt,25000,0.25,50,15,relu,2,True,50,relu,0.75,softmax,categorical_crossentropy
1712,./data/articles_zenodo.db,./data/glove.6B.50d.txt,25000,0.25,50,15,relu,5,True,10,relu,0.0,softmax,categorical_crossentropy
1713,./data/articles_zenodo.db,./data/glove.6B.50d.txt,25000,0.25,50,15,relu,5,True,10,relu,0.25,softmax,categorical_crossentropy
1714,./data/articles_zenodo.db,./data/glove.6B.50d.txt,25000,0.25,50,15,relu,5,True,10,relu,0.5,softmax,categorical_crossentropy
1715,./data/articles_zenodo.db,./data/glove.6B.50d.txt,25000,0.25,50,15,relu,5,True,10,relu,0.75,softmax,categorical_crossentropy
1716,./data/articles_zenodo.db,./data/glove.6B.50d.txt,25000,0.25,50,15,relu,5,True,50,relu,0.0,softmax,categorical_crossentropy
1717,./data/articles_zenodo.db,./data/glove.6B.50d.txt,25000,0.25,50,15,relu,5,True,50,relu,0.25,softmax,categorical_crossentropy
1718,./data/articles_zenodo.db,./data/glove.6B.50d.txt,25000,0.25,50,15,relu,5,True,50,relu,0.5,softmax,categorical_crossentropy
1719,./data/articles_zenodo.db,./data/glove.6B.50d.txt,25000,0.25,50,15,relu,5,True,50,relu,0.75,softmax,categorical_crossentropy
1720,./data/articles_zenodo.db,./data/glove.6B.50d.txt,25000,0.25,50,15,relu,10,True,10,relu,0.0,softmax,categorical_crossentropy
1721,./data/articles_zenodo.db,./data/glove.6B.50d.txt,25000,0.25,50,15,relu,10,True,10,relu,0.25,softmax,categorical_crossentropy
1722,./data/articles_zenodo.db,./data/glove.6B.50d.txt,25000,0.25,50,15,relu,10,True,10,relu,0.5,softmax,categorical_crossentropy
1723,./data/articles_zenodo.db,./data/glove.6B.50d.txt,25000,0.25,50,15,relu,10,True,10,relu,0.75,softmax,categorical_crossentropy
1724,./data/articles_zenodo.db,./data/glove.6B.50d.txt,25000,0.25,50,15,relu,10,True,50,relu,0.0,softmax,categorical_crossentropy
1725,./data/articles_zenodo.db,./data/glove.6B.50d.txt,25000,0.25,50,15,relu,10,True,50,relu,0.25,softmax,categorical_crossentropy
1726,./data/articles_zenodo.db,./data/glove.6B.50d.txt,25000,0.25,50,15,relu,10,True,50,relu,0.5,softmax,categorical_crossentropy
1727,./data/articles_zenodo.db,./data/glove.6B.50d.txt,25000,0.25,50,15,relu,10,True,50,relu,0.75,softmax,categorical_crossentropy
1728,./data/articles_zenodo.db,./data/glove.6B.50d.txt,25000,0.5,5,5,relu,2,True,10,relu,0.0,softmax,categorical_crossentropy
1729,./data/articles_zenodo.db,./data/glove.6B.50d.txt,25000,0.5,5,5,relu,2,True,10,relu,0.25,softmax,categorical_crossentropy
1730,./data/articles_zenodo.db,./data/glove.6B.50d.txt,25000,0.5,5,5,relu,2,True,10,relu,0.5,softmax,categorical_crossentropy
1731,./data/articles_zenodo.db,./data/glove.6B.50d.txt,25000,0.5,5,5,relu,2,True,10,relu,0.75,softmax,categorical_crossentropy
1732,./data/articles_zenodo.db,./data/glove.6B.50d.txt,25000,0.5,5,5,relu,2,True,50,relu,0.0,softmax,categorical_crossentropy
1733,./data/articles_zenodo.db,./data/glove.6B.50d.txt,25000,0.5,5,5,relu,2,True,50,relu,0.25,softmax,categorical_crossentropy
1734,./data/articles_zenodo.db,./data/glove.6B.50d.txt,25000,0.5,5,5,relu,2,True,50,relu,0.5,softmax,categorical_crossentropy
1735,./data/articles_zenodo.db,./data/glove.6B.50d.txt,25000,0.5,5,5,relu,2,True,50,relu,0.75,softmax,categorical_crossentropy
1736,./data/articles_zenodo.db,./data/glove.6B.50d.txt,25000,0.5,5,5,relu,5,True,10,relu,0.0,softmax,categorical_crossentropy
1737,./data/articles_zenodo.db,./data/glove.6B.50d.txt,25000,0.5,5,5,relu,5,True,10,relu,0.25,softmax,categorical_crossentropy
1738,./data/articles_zenodo.db,./data/glove.6B.50d.txt,25000,0.5,5,5,relu,5,True,10,relu,0.5,softmax,categorical_crossentropy
1739,./data/articles_zenodo.db,./data/glove.6B.50d.txt,25000,0.5,5,5,relu,5,True,10,relu,0.75,softmax,categorical_crossentropy
1740,./data/articles_zenodo.db,./data/glove.6B.50d.txt,25000,0.5,5,5,relu,5,True,50,relu,0.0,softmax,categorical_crossentropy
1741,./data/articles_zenodo.db,./data/glove.6B.50d.txt,25000,0.5,5,5,relu,5,True,50,relu,0.25,softmax,categorical_crossentropy
1742,./data/articles_zenodo.db,./data/glove.6B.50d.txt,25000,0.5,5,5,relu,5,True,50,relu,0.5,softmax,categorical_crossentropy
1743,./data/articles_zenodo.db,./data/glove.6B.50d.txt,25000,0.5,5,5,relu,5,True,50,relu,0.75,softmax,categorical_crossentropy
1744,./data/articles_zenodo.db,./data/glove.6B.50d.txt,25000,0.5,5,5,relu,10,True,10,relu,0.0,softmax,categorical_crossentropy
1745,./data/articles_zenodo.db,./data/glove.6B.50d.txt,25000,0.5,5,5,relu,10,True,10,relu,0.25,softmax,categorical_crossentropy
1746,./data/articles_zenodo.db,./data/glove.6B.50d.txt,25000,0.5,5,5,relu,10,True,10,relu,0.5,softmax,categorical_crossentropy
1747,./data/articles_zenodo.db,./data/glove.6B.50d.txt,25000,0.5,5,5,relu,10,True,10,relu,0.75,softmax,categorical_crossentropy
1748,./data/articles_zenodo.db,./data/glove.6B.50d.txt,25000,0.5,5,5,relu,10,True,50,relu,0.0,softmax,categorical_crossentropy
1749,./data/articles_zenodo.db,./data/glove.6B.50d.txt,25000,0.5,5,5,relu,10,True,50,relu,0.25,softmax,categorical_crossentropy
1750,./data/articles_zenodo.db,./data/glove.6B.50d.txt,25000,0.5,5,5,relu,10,True,50,relu,0.5,softmax,categorical_crossentropy
1751,./data/articles_zenodo.db,./data/glove.6B.50d.txt,25000,0.5,5,5,relu,10,True,50,relu,0.75,softmax,categorical_crossentropy
1752,./data/articles_zenodo.db,./data/glove.6B.50d.txt,25000,0.5,5,15,relu,2,True,10,relu,0.0,softmax,categorical_crossentropy
1753,./data/articles_zenodo.db,./data/glove.6B.50d.txt,25000,0.5,5,15,relu,2,True,10,relu,0.25,softmax,categorical_crossentropy
1754,./data/articles_zenodo.db,./data/glove.6B.50d.txt,25000,0.5,5,15,relu,2,True,10,relu,0.5,softmax,categorical_crossentropy
1755,./data/articles_zenodo.db,./data/glove.6B.50d.txt,25000,0.5,5,15,relu,2,True,10,relu,0.75,softmax,categorical_crossentropy
1756,./data/articles_zenodo.db,./data/glove.6B.50d.txt,25000,0.5,5,15,relu,2,True,50,relu,0.0,softmax,categorical_crossentropy
1757,./data/articles_zenodo.db,./data/glove.6B.50d.txt,25000,0.5,5,15,relu,2,True,50,relu,0.25,softmax,categorical_crossentropy
1758,./data/articles_zenodo.db,./data/glove.6B.50d.txt,25000,0.5,5,15,relu,2,True,50,relu,0.5,softmax,categorical_crossentropy
1759,./data/articles_zenodo.db,./data/glove.6B.50d.txt,25000,0.5,5,15,relu,2,True,50,relu,0.75,softmax,categorical_crossentropy
1760,./data/articles_zenodo.db,./data/glove.6B.50d.txt,25000,0.5,5,15,relu,5,True,10,relu,0.0,softmax,categorical_crossentropy
1761,./data/articles_zenodo.db,./data/glove.6B.50d.txt,25000,0.5,5,15,relu,5,True,10,relu,0.25,softmax,categorical_crossentropy
1762,./data/articles_zenodo.db,./data/glove.6B.50d.txt,25000,0.5,5,15,relu,5,True,10,relu,0.5,softmax,categorical_crossentropy
1763,./data/articles_zenodo.db,./data/glove.6B.50d.txt,25000,0.5,5,15,relu,5,True,10,relu,0.75,softmax,categorical_crossentropy
1764,./data/articles_zenodo.db,./data/glove.6B.50d.txt,25000,0.5,5,15,relu,5,True,50,relu,0.0,softmax,categorical_crossentropy
1765,./data/articles_zenodo.db,./data/glove.6B.50d.txt,25000,0.5,5,15,relu,5,True,50,relu,0.25,softmax,categorical_crossentropy
1766,./data/articles_zenodo.db,./data/glove.6B.50d.txt,25000,0.5,5,15,relu,5,True,50,relu,0.5,softmax,categorical_crossentropy
1767,./data/articles_zenodo.db,./data/glove.6B.50d.txt,25000,0.5,5,15,relu,5,True,50,relu,0.75,softmax,categorical_crossentropy
1768,./data/articles_zenodo.db,./data/glove.6B.50d.txt,25000,0.5,5,15,relu,10,True,10,relu,0.0,softmax,categorical_crossentropy
1769,./data/articles_zenodo.db,./data/glove.6B.50d.txt,25000,0.5,5,15,relu,10,True,10,relu,0.25,softmax,categorical_crossentropy
1770,./data/articles_zenodo.db,./data/glove.6B.50d.txt,25000,0.5,5,15,relu,10,True,10,relu,0.5,softmax,categorical_crossentropy
1771,./data/articles_zenodo.db,./data/glove.6B.50d.txt,25000,0.5,5,15,relu,10,True,10,relu,0.75,softmax,categorical_crossentropy
1772,./data/articles_zenodo.db,./data/glove.6B.50d.txt,25000,0.5,5,15,relu,10,True,50,relu,0.0,softmax,categorical_crossentropy
1773,./data/articles_zenodo.db,./data/glove.6B.50d.txt,25000,0.5,5,15,relu,10,True,50,relu,0.25,softmax,categorical_crossentropy
1774,./data/articles_zenodo.db,./data/glove.6B.50d.txt,25000,0.5,5,15,relu,10,True,50,relu,0.5,softmax,categorical_crossentropy
1775,./data/articles_zenodo.db,./data/glove.6B.50d.txt,25000,0.5,5,15,relu,10,True,50,relu,0.75,softmax,categorical_crossentropy
1776,./data/articles_zenodo.db,./data/glove.6B.50d.txt,25000,0.5,10,5,relu,2,True,10,relu,0.0,softmax,categorical_crossentropy
1777,./data/articles_zenodo.db,./data/glove.6B.50d.txt,25000,0.5,10,5,relu,2,True,10,relu,0.25,softmax,categorical_crossentropy
1778,./data/articles_zenodo.db,./data/glove.6B.50d.txt,25000,0.5,10,5,relu,2,True,10,relu,0.5,softmax,categorical_crossentropy
1779,./data/articles_zenodo.db,./data/glove.6B.50d.txt,25000,0.5,10,5,relu,2,True,10,relu,0.75,softmax,categorical_crossentropy
1780,./data/articles_zenodo.db,./data/glove.6B.50d.txt,25000,0.5,10,5,relu,2,True,50,relu,0.0,softmax,categorical_crossentropy
1781,./data/articles_zenodo.db,./data/glove.6B.50d.txt,25000,0.5,10,5,relu,2,True,50,relu,0.25,softmax,categorical_crossentropy
1782,./data/articles_zenodo.db,./data/glove.6B.50d.txt,25000,0.5,10,5,relu,2,True,50,relu,0.5,softmax,categorical_crossentropy
1783,./data/articles_zenodo.db,./data/glove.6B.50d.txt,25000,0.5,10,5,relu,2,True,50,relu,0.75,softmax,categorical_crossentropy
1784,./data/articles_zenodo.db,./data/glove.6B.50d.txt,25000,0.5,10,5,relu,5,True,10,relu,0.0,softmax,categorical_crossentropy
1785,./data/articles_zenodo.db,./data/glove.6B.50d.txt,25000,0.5,10,5,relu,5,True,10,relu,0.25,softmax,categorical_crossentropy
1786,./data/articles_zenodo.db,./data/glove.6B.50d.txt,25000,0.5,10,5,relu,5,True,10,relu,0.5,softmax,categorical_crossentropy
1787,./data/articles_zenodo.db,./data/glove.6B.50d.txt,25000,0.5,10,5,relu,5,True,10,relu,0.75,softmax,categorical_crossentropy
1788,./data/articles_zenodo.db,./data/glove.6B.50d.txt,25000,0.5,10,5,relu,5,True,50,relu,0.0,softmax,categorical_crossentropy
1789,./data/articles_zenodo.db,./data/glove.6B.50d.txt,25000,0.5,10,5,relu,5,True,50,relu,0.25,softmax,categorical_crossentropy
1790,./data/articles_zenodo.db,./data/glove.6B.50d.txt,25000,0.5,10,5,relu,5,True,50,relu,0.5,softmax,categorical_crossentropy
1791,./data/articles_zenodo.db,./data/glove.6B.50d.txt,25000,0.5,10,5,relu,5,True,50,relu,0.75,softmax,categorical_crossentropy
1792,./data/articles_zenodo.db,./data/glove.6B.50d.txt,25000,0.5,10,5,relu,10,True,10,relu,0.0,softmax,categorical_crossentropy
1793,./data/articles_zenodo.db,./data/glove.6B.50d.txt,25000,0.5,10,5,relu,10,True,10,relu,0.25,softmax,categorical_crossentropy
1794,./data/articles_zenodo.db,./data/glove.6B.50d.txt,25000,0.5,10,5,relu,10,True,10,relu,0.5,softmax,categorical_crossentropy
1795,./data/articles_zenodo.db,./data/glove.6B.50d.txt,25000,0.5,10,5,relu,10,True,10,relu,0.75,softmax,categorical_crossentropy
1796,./data/articles_zenodo.db,./data/glove.6B.50d.txt,25000,0.5,10,5,relu,10,True,50,relu,0.0,softmax,categorical_crossentropy
1797,./data/articles_zenodo.db,./data/glove.6B.50d.txt,25000,0.5,10,5,relu,10,True,50,relu,0.25,softmax,categorical_crossentropy
1798,./data/articles_zenodo.db,./data/glove.6B.50d.txt,25000,0.5,10,5,relu,10,True,50,relu,0.5,softmax,categorical_crossentropy
1799,./data/articles_zenodo.db,./data/glove.6B.50d.txt,25000,0.5,10,5,relu,10,True,50,relu,0.75,softmax,categorical_crossentropy
1800,./data/articles_zenodo.db,./data/glove.6B.50d.txt,25000,0.5,10,15,relu,2,True,10,relu,0.0,softmax,categorical_crossentropy
1801,./data/articles_zenodo.db,./data/glove.6B.50d.txt,25000,0.5,10,15,relu,2,True,10,relu,0.25,softmax,categorical_crossentropy
1802,./data/articles_zenodo.db,./data/glove.6B.50d.txt,25000,0.5,10,15,relu,2,True,10,relu,0.5,softmax,categorical_crossentropy
1803,./data/articles_zenodo.db,./data/glove.6B.50d.txt,25000,0.5,10,15,relu,2,True,10,relu,0.75,softmax,categorical_crossentropy
1804,./data/articles_zenodo.db,./data/glove.6B.50d.txt,25000,0.5,10,15,relu,2,True,50,relu,0.0,softmax,categorical_crossentropy
1805,./data/articles_zenodo.db,./data/glove.6B.50d.txt,25000,0.5,10,15,relu,2,True,50,relu,0.25,softmax,categorical_crossentropy
1806,./data/articles_zenodo.db,./data/glove.6B.50d.txt,25000,0.5,10,15,relu,2,True,50,relu,0.5,softmax,categorical_crossentropy
1807,./data/articles_zenodo.db,./data/glove.6B.50d.txt,25000,0.5,10,15,relu,2,True,50,relu,0.75,softmax,categorical_crossentropy
1808,./data/articles_zenodo.db,./data/glove.6B.50d.txt,25000,0.5,10,15,relu,5,True,10,relu,0.0,softmax,categorical_crossentropy
1809,./data/articles_zenodo.db,./data/glove.6B.50d.txt,25000,0.5,10,15,relu,5,True,10,relu,0.25,softmax,categorical_crossentropy
1810,./data/articles_zenodo.db,./data/glove.6B.50d.txt,25000,0.5,10,15,relu,5,True,10,relu,0.5,softmax,categorical_crossentropy
1811,./data/articles_zenodo.db,./data/glove.6B.50d.txt,25000,0.5,10,15,relu,5,True,10,relu,0.75,softmax,categorical_crossentropy
1812,./data/articles_zenodo.db,./data/glove.6B.50d.txt,25000,0.5,10,15,relu,5,True,50,relu,0.0,softmax,categorical_crossentropy
1813,./data/articles_zenodo.db,./data/glove.6B.50d.txt,25000,0.5,10,15,relu,5,True,50,relu,0.25,softmax,categorical_crossentropy
1814,./data/articles_zenodo.db,./data/glove.6B.50d.txt,25000,0.5,10,15,relu,5,True,50,relu,0.5,softmax,categorical_crossentropy
1815,./data/articles_zenodo.db,./data/glove.6B.50d.txt,25000,0.5,10,15,relu,5,True,50,relu,0.75,softmax,categorical_crossentropy
1816,./data/articles_zenodo.db,./data/glove.6B.50d.txt,25000,0.5,10,15,relu,10,True,10,relu,0.0,softmax,categorical_crossentropy
1817,./data/articles_zenodo.db,./data/glove.6B.50d.txt,25000,0.5,10,15,relu,10,True,10,relu,0.25,softmax,categorical_crossentropy
1818,./data/articles_zenodo.db,./data/glove.6B.50d.txt,25000,0.5,10,15,relu,10,True,10,relu,0.5,softmax,categorical_crossentropy
1819,./data/articles_zenodo.db,./data/glove.6B.50d.txt,25000,0.5,10,15,relu,10,True,10,relu,0.75,softmax,categorical_crossentropy
1820,./data/articles_zenodo.db,./data/glove.6B.50d.txt,25000,0.5,10,15,relu,10,True,50,relu,0.0,softmax,categorical_crossentropy
1821,./data/articles_zenodo.db,./data/glove.6B.50d.txt,25000,0.5,10,15,relu,10,True,50,relu,0.25,softmax,categorical_crossentropy
1822,./data/articles_zenodo.db,./data/glove.6B.50d.txt,25000,0.5,10,15,relu,10,True,50,relu,0.5,softmax,categorical_crossentropy
1823,./data/articles_zenodo.db,./data/glove.6B.50d.txt,25000,0.5,10,15,relu,10,True,50,relu,0.75,softmax,categorical_crossentropy
1824,./data/articles_zenodo.db,./data/glove.6B.50d.txt,25000,0.5,25,5,relu,2,True,10,relu,0.0,softmax,categorical_crossentropy
1825,./data/articles_zenodo.db,./data/glove.6B.50d.txt,25000,0.5,25,5,relu,2,True,10,relu,0.25,softmax,categorical_crossentropy
1826,./data/articles_zenodo.db,./data/glove.6B.50d.txt,25000,0.5,25,5,relu,2,True,10,relu,0.5,softmax,categorical_crossentropy
1827,./data/articles_zenodo.db,./data/glove.6B.50d.txt,25000,0.5,25,5,relu,2,True,10,relu,0.75,softmax,categorical_crossentropy
1828,./data/articles_zenodo.db,./data/glove.6B.50d.txt,25000,0.5,25,5,relu,2,True,50,relu,0.0,softmax,categorical_crossentropy
1829,./data/articles_zenodo.db,./data/glove.6B.50d.txt,25000,0.5,25,5,relu,2,True,50,relu,0.25,softmax,categorical_crossentropy
1830,./data/articles_zenodo.db,./data/glove.6B.50d.txt,25000,0.5,25,5,relu,2,True,50,relu,0.5,softmax,categorical_crossentropy
1831,./data/articles_zenodo.db,./data/glove.6B.50d.txt,25000,0.5,25,5,relu,2,True,50,relu,0.75,softmax,categorical_crossentropy
1832,./data/articles_zenodo.db,./data/glove.6B.50d.txt,25000,0.5,25,5,relu,5,True,10,relu,0.0,softmax,categorical_crossentropy
1833,./data/articles_zenodo.db,./data/glove.6B.50d.txt,25000,0.5,25,5,relu,5,True,10,relu,0.25,softmax,categorical_crossentropy
1834,./data/articles_zenodo.db,./data/glove.6B.50d.txt,25000,0.5,25,5,relu,5,True,10,relu,0.5,softmax,categorical_crossentropy
1835,./data/articles_zenodo.db,./data/glove.6B.50d.txt,25000,0.5,25,5,relu,5,True,10,relu,0.75,softmax,categorical_crossentropy
1836,./data/articles_zenodo.db,./data/glove.6B.50d.txt,25000,0.5,25,5,relu,5,True,50,relu,0.0,softmax,categorical_crossentropy
1837,./data/articles_zenodo.db,./data/glove.6B.50d.txt,25000,0.5,25,5,relu,5,True,50,relu,0.25,softmax,categorical_crossentropy
1838,./data/articles_zenodo.db,./data/glove.6B.50d.txt,25000,0.5,25,5,relu,5,True,50,relu,0.5,softmax,categorical_crossentropy
1839,./data/articles_zenodo.db,./data/glove.6B.50d.txt,25000,0.5,25,5,relu,5,True,50,relu,0.75,softmax,categorical_crossentropy
1840,./data/articles_zenodo.db,./data/glove.6B.50d.txt,25000,0.5,25,5,relu,10,True,10,relu,0.0,softmax,categorical_crossentropy
1841,./data/articles_zenodo.db,./data/glove.6B.50d.txt,25000,0.5,25,5,relu,10,True,10,relu,0.25,softmax,categorical_crossentropy
1842,./data/articles_zenodo.db,./data/glove.6B.50d.txt,25000,0.5,25,5,relu,10,True,10,relu,0.5,softmax,categorical_crossentropy
1843,./data/articles_zenodo.db,./data/glove.6B.50d.txt,25000,0.5,25,5,relu,10,True,10,relu,0.75,softmax,categorical_crossentropy
1844,./data/articles_zenodo.db,./data/glove.6B.50d.txt,25000,0.5,25,5,relu,10,True,50,relu,0.0,softmax,categorical_crossentropy
1845,./data/articles_zenodo.db,./data/glove.6B.50d.txt,25000,0.5,25,5,relu,10,True,50,relu,0.25,softmax,categorical_crossentropy
1846,./data/articles_zenodo.db,./data/glove.6B.50d.txt,25000,0.5,25,5,relu,10,True,50,relu,0.5,softmax,categorical_crossentropy
1847,./data/articles_zenodo.db,./data/glove.6B.50d.txt,25000,0.5,25,5,relu,10,True,50,relu,0.75,softmax,categorical_crossentropy
1848,./data/articles_zenodo.db,./data/glove.6B.50d.txt,25000,0.5,25,15,relu,2,True,10,relu,0.0,softmax,categorical_crossentropy
1849,./data/articles_zenodo.db,./data/glove.6B.50d.txt,25000,0.5,25,15,relu,2,True,10,relu,0.25,softmax,categorical_crossentropy
1850,./data/articles_zenodo.db,./data/glove.6B.50d.txt,25000,0.5,25,15,relu,2,True,10,relu,0.5,softmax,categorical_crossentropy
1851,./data/articles_zenodo.db,./data/glove.6B.50d.txt,25000,0.5,25,15,relu,2,True,10,relu,0.75,softmax,categorical_crossentropy
1852,./data/articles_zenodo.db,./data/glove.6B.50d.txt,25000,0.5,25,15,relu,2,True,50,relu,0.0,softmax,categorical_crossentropy
1853,./data/articles_zenodo.db,./data/glove.6B.50d.txt,25000,0.5,25,15,relu,2,True,50,relu,0.25,softmax,categorical_crossentropy
1854,./data/articles_zenodo.db,./data/glove.6B.50d.txt,25000,0.5,25,15,relu,2,True,50,relu,0.5,softmax,categorical_crossentropy
1855,./data/articles_zenodo.db,./data/glove.6B.50d.txt,25000,0.5,25,15,relu,2,True,50,relu,0.75,softmax,categorical_crossentropy
1856,./data/articles_zenodo.db,./data/glove.6B.50d.txt,25000,0.5,25,15,relu,5,True,10,relu,0.0,softmax,categorical_crossentropy
1857,./data/articles_zenodo.db,./data/glove.6B.50d.txt,25000,0.5,25,15,relu,5,True,10,relu,0.25,softmax,categorical_crossentropy
1858,./data/articles_zenodo.db,./data/glove.6B.50d.txt,25000,0.5,25,15,relu,5,True,10,relu,0.5,softmax,categorical_crossentropy
1859,./data/articles_zenodo.db,./data/glove.6B.50d.txt,25000,0.5,25,15,relu,5,True,10,relu,0.75,softmax,categorical_crossentropy
1860,./data/articles_zenodo.db,./data/glove.6B.50d.txt,25000,0.5,25,15,relu,5,True,50,relu,0.0,softmax,categorical_crossentropy
1861,./data/articles_zenodo.db,./data/glove.6B.50d.txt,25000,0.5,25,15,relu,5,True,50,relu,0.25,softmax,categorical_crossentropy
1862,./data/articles_zenodo.db,./data/glove.6B.50d.txt,25000,0.5,25,15,relu,5,True,50,relu,0.5,softmax,categorical_crossentropy
1863,./data/articles_zenodo.db,./data/glove.6B.50d.txt,25000,0.5,25,15,relu,5,True,50,relu,0.75,softmax,categorical_crossentropy
1864,./data/articles_zenodo.db,./data/glove.6B.50d.txt,25000,0.5,25,15,relu,10,True,10,relu,0.0,softmax,categorical_crossentropy
1865,./data/articles_zenodo.db,./data/glove.6B.50d.txt,25000,0.5,25,15,relu,10,True,10,relu,0.25,softmax,categorical_crossentropy
1866,./data/articles_zenodo.db,./data/glove.6B.50d.txt,25000,0.5,25,15,relu,10,True,10,relu,0.5,softmax,categorical_crossentropy
1867,./data/articles_zenodo.db,./data/glove.6B.50d.txt,25000,0.5,25,15,relu,10,True,10,relu,0.75,softmax,categorical_crossentropy
1868,./data/articles_zenodo.db,./data/glove.6B.50d.txt,25000,0.5,25,15,relu,10,True,50,relu,0.0,softmax,categorical_crossentropy
1869,./data/articles_zenodo.db,./data/glove.6B.50d.txt,25000,0.5,25,15,relu,10,True,50,relu,0.25,softmax,categorical_crossentropy
1870,./data/articles_zenodo.db,./data/glove.6B.50d.txt,25000,0.5,25,15,relu,10,True,50,relu,0.5,softmax,categorical_crossentropy
1871,./data/articles_zenodo.db,./data/glove.6B.50d.txt,25000,0.5,25,15,relu,10,True,50,relu,0.75,softmax,categorical_crossentropy
1872,./data/articles_zenodo.db,./data/glove.6B.50d.txt,25000,0.5,50,5,relu,2,True,10,relu,0.0,softmax,categorical_crossentropy
1873,./data/articles_zenodo.db,./data/glove.6B.50d.txt,25000,0.5,50,5,relu,2,True,10,relu,0.25,softmax,categorical_crossentropy
1874,./data/articles_zenodo.db,./data/glove.6B.50d.txt,25000,0.5,50,5,relu,2,True,10,relu,0.5,softmax,categorical_crossentropy
1875,./data/articles_zenodo.db,./data/glove.6B.50d.txt,25000,0.5,50,5,relu,2,True,10,relu,0.75,softmax,categorical_crossentropy
1876,./data/articles_zenodo.db,./data/glove.6B.50d.txt,25000,0.5,50,5,relu,2,True,50,relu,0.0,softmax,categorical_crossentropy
1877,./data/articles_zenodo.db,./data/glove.6B.50d.txt,25000,0.5,50,5,relu,2,True,50,relu,0.25,softmax,categorical_crossentropy
1878,./data/articles_zenodo.db,./data/glove.6B.50d.txt,25000,0.5,50,5,relu,2,True,50,relu,0.5,softmax,categorical_crossentropy
1879,./data/articles_zenodo.db,./data/glove.6B.50d.txt,25000,0.5,50,5,relu,2,True,50,relu,0.75,softmax,categorical_crossentropy
1880,./data/articles_zenodo.db,./data/glove.6B.50d.txt,25000,0.5,50,5,relu,5,True,10,relu,0.0,softmax,categorical_crossentropy
1881,./data/articles_zenodo.db,./data/glove.6B.50d.txt,25000,0.5,50,5,relu,5,True,10,relu,0.25,softmax,categorical_crossentropy
1882,./data/articles_zenodo.db,./data/glove.6B.50d.txt,25000,0.5,50,5,relu,5,True,10,relu,0.5,softmax,categorical_crossentropy
1883,./data/articles_zenodo.db,./data/glove.6B.50d.txt,25000,0.5,50,5,relu,5,True,10,relu,0.75,softmax,categorical_crossentropy
1884,./data/articles_zenodo.db,./data/glove.6B.50d.txt,25000,0.5,50,5,relu,5,True,50,relu,0.0,softmax,categorical_crossentropy
1885,./data/articles_zenodo.db,./data/glove.6B.50d.txt,25000,0.5,50,5,relu,5,True,50,relu,0.25,softmax,categorical_crossentropy
1886,./data/articles_zenodo.db,./data/glove.6B.50d.txt,25000,0.5,50,5,relu,5,True,50,relu,0.5,softmax,categorical_crossentropy
1887,./data/articles_zenodo.db,./data/glove.6B.50d.txt,25000,0.5,50,5,relu,5,True,50,relu,0.75,softmax,categorical_crossentropy
1888,./data/articles_zenodo.db,./data/glove.6B.50d.txt,25000,0.5,50,5,relu,10,True,10,relu,0.0,softmax,categorical_crossentropy
1889,./data/articles_zenodo.db,./data/glove.6B.50d.txt,25000,0.5,50,5,relu,10,True,10,relu,0.25,softmax,categorical_crossentropy
1890,./data/articles_zenodo.db,./data/glove.6B.50d.txt,25000,0.5,50,5,relu,10,True,10,relu,0.5,softmax,categorical_crossentropy
1891,./data/articles_zenodo.db,./data/glove.6B.50d.txt,25000,0.5,50,5,relu,10,True,10,relu,0.75,softmax,categorical_crossentropy
1892,./data/articles_zenodo.db,./data/glove.6B.50d.txt,25000,0.5,50,5,relu,10,True,50,relu,0.0,softmax,categorical_crossentropy
1893,./data/articles_zenodo.db,./data/glove.6B.50d.txt,25000,0.5,50,5,relu,10,True,50,relu,0.25,softmax,categorical_crossentropy
1894,./data/articles_zenodo.db,./data/glove.6B.50d.txt,25000,0.5,50,5,relu,10,True,50,relu,0.5,softmax,categorical_crossentropy
1895,./data/articles_zenodo.db,./data/glove.6B.50d.txt,25000,0.5,50,5,relu,10,True,50,relu,0.75,softmax,categorical_crossentropy
1896,./data/articles_zenodo.db,./data/glove.6B.50d.txt,25000,0.5,50,15,relu,2,True,10,relu,0.0,softmax,categorical_crossentropy
1897,./data/articles_zenodo.db,./data/glove.6B.50d.txt,25000,0.5,50,15,relu,2,True,10,relu,0.25,softmax,categorical_crossentropy
1898,./data/articles_zenodo.db,./data/glove.6B.50d.txt,25000,0.5,50,15,relu,2,True,10,relu,0.5,softmax,categorical_crossentropy
1899,./data/articles_zenodo.db,./data/glove.6B.50d.txt,25000,0.5,50,15,relu,2,True,10,relu,0.75,softmax,categorical_crossentropy
1900,./data/articles_zenodo.db,./data/glove.6B.50d.txt,25000,0.5,50,15,relu,2,True,50,relu,0.0,softmax,categorical_crossentropy
1901,./data/articles_zenodo.db,./data/glove.6B.50d.txt,25000,0.5,50,15,relu,2,True,50,relu,0.25,softmax,categorical_crossentropy
1902,./data/articles_zenodo.db,./data/glove.6B.50d.txt,25000,0.5,50,15,relu,2,True,50,relu,0.5,softmax,categorical_crossentropy
1903,./data/articles_zenodo.db,./data/glove.6B.50d.txt,25000,0.5,50,15,relu,2,True,50,relu,0.75,softmax,categorical_crossentropy
1904,./data/articles_zenodo.db,./data/glove.6B.50d.txt,25000,0.5,50,15,relu,5,True,10,relu,0.0,softmax,categorical_crossentropy
1905,./data/articles_zenodo.db,./data/glove.6B.50d.txt,25000,0.5,50,15,relu,5,True,10,relu,0.25,softmax,categorical_crossentropy
1906,./data/articles_zenodo.db,./data/glove.6B.50d.txt,25000,0.5,50,15,relu,5,True,10,relu,0.5,softmax,categorical_crossentropy
1907,./data/articles_zenodo.db,./data/glove.6B.50d.txt,25000,0.5,50,15,relu,5,True,10,relu,0.75,softmax,categorical_crossentropy
1908,./data/articles_zenodo.db,./data/glove.6B.50d.txt,25000,0.5,50,15,relu,5,True,50,relu,0.0,softmax,categorical_crossentropy
1909,./data/articles_zenodo.db,./data/glove.6B.50d.txt,25000,0.5,50,15,relu,5,True,50,relu,0.25,softmax,categorical_crossentropy
1910,./data/articles_zenodo.db,./data/glove.6B.50d.txt,25000,0.5,50,15,relu,5,True,50,relu,0.5,softmax,categorical_crossentropy
1911,./data/articles_zenodo.db,./data/glove.6B.50d.txt,25000,0.5,50,15,relu,5,True,50,relu,0.75,softmax,categorical_crossentropy
1912,./data/articles_zenodo.db,./data/glove.6B.50d.txt,25000,0.5,50,15,relu,10,True,10,relu,0.0,softmax,categorical_crossentropy
1913,./data/articles_zenodo.db,./data/glove.6B.50d.txt,25000,0.5,50,15,relu,10,True,10,relu,0.25,softmax,categorical_crossentropy
1914,./data/articles_zenodo.db,./data/glove.6B.50d.txt,25000,0.5,50,15,relu,10,True,10,relu,0.5,softmax,categorical_crossentropy
1915,./data/articles_zenodo.db,./data/glove.6B.50d.txt,25000,0.5,50,15,relu,10,True,10,relu,0.75,softmax,categorical_crossentropy
1916,./data/articles_zenodo.db,./data/glove.6B.50d.txt,25000,0.5,50,15,relu,10,True,50,relu,0.0,softmax,categorical_crossentropy
1917,./data/articles_zenodo.db,./data/glove.6B.50d.txt,25000,0.5,50,15,relu,10,True,50,relu,0.25,softmax,categorical_crossentropy
1918,./data/articles_zenodo.db,./data/glove.6B.50d.txt,25000,0.5,50,15,relu,10,True,50,relu,0.5,softmax,categorical_crossentropy
1919,./data/articles_zenodo.db,./data/glove.6B.50d.txt,25000,0.5,50,15,relu,10,True,50,relu,0.75,softmax,categorical_crossentropy
1920,./data/articles_zenodo.db,./data/glove.6B.50d.txt,25000,0.95,5,5,relu,2,True,10,relu,0.0,softmax,categorical_crossentropy
1921,./data/articles_zenodo.db,./data/glove.6B.50d.txt,25000,0.95,5,5,relu,2,True,10,relu,0.25,softmax,categorical_crossentropy
1922,./data/articles_zenodo.db,./data/glove.6B.50d.txt,25000,0.95,5,5,relu,2,True,10,relu,0.5,softmax,categorical_crossentropy
1923,./data/articles_zenodo.db,./data/glove.6B.50d.txt,25000,0.95,5,5,relu,2,True,10,relu,0.75,softmax,categorical_crossentropy
1924,./data/articles_zenodo.db,./data/glove.6B.50d.txt,25000,0.95,5,5,relu,2,True,50,relu,0.0,softmax,categorical_crossentropy
1925,./data/articles_zenodo.db,./data/glove.6B.50d.txt,25000,0.95,5,5,relu,2,True,50,relu,0.25,softmax,categorical_crossentropy
1926,./data/articles_zenodo.db,./data/glove.6B.50d.txt,25000,0.95,5,5,relu,2,True,50,relu,0.5,softmax,categorical_crossentropy
1927,./data/articles_zenodo.db,./data/glove.6B.50d.txt,25000,0.95,5,5,relu,2,True,50,relu,0.75,softmax,categorical_crossentropy
1928,./data/articles_zenodo.db,./data/glove.6B.50d.txt,25000,0.95,5,5,relu,5,True,10,relu,0.0,softmax,categorical_crossentropy
1929,./data/articles_zenodo.db,./data/glove.6B.50d.txt,25000,0.95,5,5,relu,5,True,10,relu,0.25,softmax,categorical_crossentropy
1930,./data/articles_zenodo.db,./data/glove.6B.50d.txt,25000,0.95,5,5,relu,5,True,10,relu,0.5,softmax,categorical_crossentropy
1931,./data/articles_zenodo.db,./data/glove.6B.50d.txt,25000,0.95,5,5,relu,5,True,10,relu,0.75,softmax,categorical_crossentropy
1932,./data/articles_zenodo.db,./data/glove.6B.50d.txt,25000,0.95,5,5,relu,5,True,50,relu,0.0,softmax,categorical_crossentropy
1933,./data/articles_zenodo.db,./data/glove.6B.50d.txt,25000,0.95,5,5,relu,5,True,50,relu,0.25,softmax,categorical_crossentropy
1934,./data/articles_zenodo.db,./data/glove.6B.50d.txt,25000,0.95,5,5,relu,5,True,50,relu,0.5,softmax,categorical_crossentropy
1935,./data/articles_zenodo.db,./data/glove.6B.50d.txt,25000,0.95,5,5,relu,5,True,50,relu,0.75,softmax,categorical_crossentropy
1936,./data/articles_zenodo.db,./data/glove.6B.50d.txt,25000,0.95,5,5,relu,10,True,10,relu,0.0,softmax,categorical_crossentropy
1937,./data/articles_zenodo.db,./data/glove.6B.50d.txt,25000,0.95,5,5,relu,10,True,10,relu,0.25,softmax,categorical_crossentropy
1938,./data/articles_zenodo.db,./data/glove.6B.50d.txt,25000,0.95,5,5,relu,10,True,10,relu,0.5,softmax,categorical_crossentropy
1939,./data/articles_zenodo.db,./data/glove.6B.50d.txt,25000,0.95,5,5,relu,10,True,10,relu,0.75,softmax,categorical_crossentropy
1940,./data/articles_zenodo.db,./data/glove.6B.50d.txt,25000,0.95,5,5,relu,10,True,50,relu,0.0,softmax,categorical_crossentropy
1941,./data/articles_zenodo.db,./data/glove.6B.50d.txt,25000,0.95,5,5,relu,10,True,50,relu,0.25,softmax,categorical_crossentropy
1942,./data/articles_zenodo.db,./data/glove.6B.50d.txt,25000,0.95,5,5,relu,10,True,50,relu,0.5,softmax,categorical_crossentropy
1943,./data/articles_zenodo.db,./data/glove.6B.50d.txt,25000,0.95,5,5,relu,10,True,50,relu,0.75,softmax,categorical_crossentropy
1944,./data/articles_zenodo.db,./data/glove.6B.50d.txt,25000,0.95,5,15,relu,2,True,10,relu,0.0,softmax,categorical_crossentropy
1945,./data/articles_zenodo.db,./data/glove.6B.50d.txt,25000,0.95,5,15,relu,2,True,10,relu,0.25,softmax,categorical_crossentropy
1946,./data/articles_zenodo.db,./data/glove.6B.50d.txt,25000,0.95,5,15,relu,2,True,10,relu,0.5,softmax,categorical_crossentropy
1947,./data/articles_zenodo.db,./data/glove.6B.50d.txt,25000,0.95,5,15,relu,2,True,10,relu,0.75,softmax,categorical_crossentropy
1948,./data/articles_zenodo.db,./data/glove.6B.50d.txt,25000,0.95,5,15,relu,2,True,50,relu,0.0,softmax,categorical_crossentropy
1949,./data/articles_zenodo.db,./data/glove.6B.50d.txt,25000,0.95,5,15,relu,2,True,50,relu,0.25,softmax,categorical_crossentropy
1950,./data/articles_zenodo.db,./data/glove.6B.50d.txt,25000,0.95,5,15,relu,2,True,50,relu,0.5,softmax,categorical_crossentropy
1951,./data/articles_zenodo.db,./data/glove.6B.50d.txt,25000,0.95,5,15,relu,2,True,50,relu,0.75,softmax,categorical_crossentropy
1952,./data/articles_zenodo.db,./data/glove.6B.50d.txt,25000,0.95,5,15,relu,5,True,10,relu,0.0,softmax,categorical_crossentropy
1953,./data/articles_zenodo.db,./data/glove.6B.50d.txt,25000,0.95,5,15,relu,5,True,10,relu,0.25,softmax,categorical_crossentropy
1954,./data/articles_zenodo.db,./data/glove.6B.50d.txt,25000,0.95,5,15,relu,5,True,10,relu,0.5,softmax,categorical_crossentropy
1955,./data/articles_zenodo.db,./data/glove.6B.50d.txt,25000,0.95,5,15,relu,5,True,10,relu,0.75,softmax,categorical_crossentropy
1956,./data/articles_zenodo.db,./data/glove.6B.50d.txt,25000,0.95,5,15,relu,5,True,50,relu,0.0,softmax,categorical_crossentropy
1957,./data/articles_zenodo.db,./data/glove.6B.50d.txt,25000,0.95,5,15,relu,5,True,50,relu,0.25,softmax,categorical_crossentropy
1958,./data/articles_zenodo.db,./data/glove.6B.50d.txt,25000,0.95,5,15,relu,5,True,50,relu,0.5,softmax,categorical_crossentropy
1959,./data/articles_zenodo.db,./data/glove.6B.50d.txt,25000,0.95,5,15,relu,5,True,50,relu,0.75,softmax,categorical_crossentropy
1960,./data/articles_zenodo.db,./data/glove.6B.50d.txt,25000,0.95,5,15,relu,10,True,10,relu,0.0,softmax,categorical_crossentropy
1961,./data/articles_zenodo.db,./data/glove.6B.50d.txt,25000,0.95,5,15,relu,10,True,10,relu,0.25,softmax,categorical_crossentropy
1962,./data/articles_zenodo.db,./data/glove.6B.50d.txt,25000,0.95,5,15,relu,10,True,10,relu,0.5,softmax,categorical_crossentropy
1963,./data/articles_zenodo.db,./data/glove.6B.50d.txt,25000,0.95,5,15,relu,10,True,10,relu,0.75,softmax,categorical_crossentropy
1964,./data/articles_zenodo.db,./data/glove.6B.50d.txt,25000,0.95,5,15,relu,10,True,50,relu,0.0,softmax,categorical_crossentropy
1965,./data/articles_zenodo.db,./data/glove.6B.50d.txt,25000,0.95,5,15,relu,10,True,50,relu,0.25,softmax,categorical_crossentropy
1966,./data/articles_zenodo.db,./data/glove.6B.50d.txt,25000,0.95,5,15,relu,10,True,50,relu,0.5,softmax,categorical_crossentropy
1967,./data/articles_zenodo.db,./data/glove.6B.50d.txt,25000,0.95,5,15,relu,10,True,50,relu,0.75,softmax,categorical_crossentropy
1968,./data/articles_zenodo.db,./data/glove.6B.50d.txt,25000,0.95,10,5,relu,2,True,10,relu,0.0,softmax,categorical_crossentropy
1969,./data/articles_zenodo.db,./data/glove.6B.50d.txt,25000,0.95,10,5,relu,2,True,10,relu,0.25,softmax,categorical_crossentropy
1970,./data/articles_zenodo.db,./data/glove.6B.50d.txt,25000,0.95,10,5,relu,2,True,10,relu,0.5,softmax,categorical_crossentropy
1971,./data/articles_zenodo.db,./data/glove.6B.50d.txt,25000,0.95,10,5,relu,2,True,10,relu,0.75,softmax,categorical_crossentropy
1972,./data/articles_zenodo.db,./data/glove.6B.50d.txt,25000,0.95,10,5,relu,2,True,50,relu,0.0,softmax,categorical_crossentropy
1973,./data/articles_zenodo.db,./data/glove.6B.50d.txt,25000,0.95,10,5,relu,2,True,50,relu,0.25,softmax,categorical_crossentropy
1974,./data/articles_zenodo.db,./data/glove.6B.50d.txt,25000,0.95,10,5,relu,2,True,50,relu,0.5,softmax,categorical_crossentropy
1975,./data/articles_zenodo.db,./data/glove.6B.50d.txt,25000,0.95,10,5,relu,2,True,50,relu,0.75,softmax,categorical_crossentropy
1976,./data/articles_zenodo.db,./data/glove.6B.50d.txt,25000,0.95,10,5,relu,5,True,10,relu,0.0,softmax,categorical_crossentropy
1977,./data/articles_zenodo.db,./data/glove.6B.50d.txt,25000,0.95,10,5,relu,5,True,10,relu,0.25,softmax,categorical_crossentropy
1978,./data/articles_zenodo.db,./data/glove.6B.50d.txt,25000,0.95,10,5,relu,5,True,10,relu,0.5,softmax,categorical_crossentropy
1979,./data/articles_zenodo.db,./data/glove.6B.50d.txt,25000,0.95,10,5,relu,5,True,10,relu,0.75,softmax,categorical_crossentropy
1980,./data/articles_zenodo.db,./data/glove.6B.50d.txt,25000,0.95,10,5,relu,5,True,50,relu,0.0,softmax,categorical_crossentropy
1981,./data/articles_zenodo.db,./data/glove.6B.50d.txt,25000,0.95,10,5,relu,5,True,50,relu,0.25,softmax,categorical_crossentropy
1982,./data/articles_zenodo.db,./data/glove.6B.50d.txt,25000,0.95,10,5,relu,5,True,50,relu,0.5,softmax,categorical_crossentropy
1983,./data/articles_zenodo.db,./data/glove.6B.50d.txt,25000,0.95,10,5,relu,5,True,50,relu,0.75,softmax,categorical_crossentropy
1984,./data/articles_zenodo.db,./data/glove.6B.50d.txt,25000,0.95,10,5,relu,10,True,10,relu,0.0,softmax,categorical_crossentropy
1985,./data/articles_zenodo.db,./data/glove.6B.50d.txt,25000,0.95,10,5,relu,10,True,10,relu,0.25,softmax,categorical_crossentropy
1986,./data/articles_zenodo.db,./data/glove.6B.50d.txt,25000,0.95,10,5,relu,10,True,10,relu,0.5,softmax,categorical_crossentropy
1987,./data/articles_zenodo.db,./data/glove.6B.50d.txt,25000,0.95,10,5,relu,10,True,10,relu,0.75,softmax,categorical_crossentropy
1988,./data/articles_zenodo.db,./data/glove.6B.50d.txt,25000,0.95,10,5,relu,10,True,50,relu,0.0,softmax,categorical_crossentropy
1989,./data/articles_zenodo.db,./data/glove.6B.50d.txt,25000,0.95,10,5,relu,10,True,50,relu,0.25,softmax,categorical_crossentropy
1990,./data/articles_zenodo.db,./data/glove.6B.50d.txt,25000,0.95,10,5,relu,10,True,50,relu,0.5,softmax,categorical_crossentropy
1991,./data/articles_zenodo.db,./data/glove.6B.50d.txt,25000,0.95,10,5,relu,10,True,50,relu,0.75,softmax,categorical_crossentropy
1992,./data/articles_zenodo.db,./data/glove.6B.50d.txt,25000,0.95,10,15,relu,2,True,10,relu,0.0,softmax,categorical_crossentropy
1993,./data/articles_zenodo.db,./data/glove.6B.50d.txt,25000,0.95,10,15,relu,2,True,10,relu,0.25,softmax,categorical_crossentropy
1994,./data/articles_zenodo.db,./data/glove.6B.50d.txt,25000,0.95,10,15,relu,2,True,10,relu,0.5,softmax,categorical_crossentropy
1995,./data/articles_zenodo.db,./data/glove.6B.50d.txt,25000,0.95,10,15,relu,2,True,10,relu,0.75,softmax,categorical_crossentropy
1996,./data/articles_zenodo.db,./data/glove.6B.50d.txt,25000,0.95,10,15,relu,2,True,50,relu,0.0,softmax,categorical_crossentropy
1997,./data/articles_zenodo.db,./data/glove.6B.50d.txt,25000,0.95,10,15,relu,2,True,50,relu,0.25,softmax,categorical_crossentropy
1998,./data/articles_zenodo.db,./data/glove.6B.50d.txt,25000,0.95,10,15,relu,2,True,50,relu,0.5,softmax,categorical_crossentropy
